date,clones,clone_uniques,views,view_uniques
2026-08-23,0,0,0,0
2026-08-24,51,45,36,3
2026-08-25,62,47,9,2
2026-08-26,45,40,0,0
2026-08-27,27,24,3,1
2026-08-28,9,9,25,1
2026-08-29,29,26,0,0
2026-08-30,24,24,0,0
2026-08-31,26,26,0,0
2026-09-01,24,24,6,1
2026-09-02,27,27,3,1
2026-09-03,30,27,0,0
2026-09-04,25,25,1,1
2026-09-05,25,25,1,1
2026-09-06,35,30,22,1
2026-09-07,51,38,3,2
2026-09-08,29,27,4,3
2026-09-09,29,27,0,0
2026-09-10,29,27,0,0
2026-09-11,30,28,2,1
2026-09-12,37,34,0,0
2026-09-13,34,32,1,1
2026-09-14,30,28,2,1
2026-09-15,38,32,2,2
2026-09-16,34,31,1,1
2026-09-17,30,28,4,3
2026-09-18,33,29,0,0
2026-09-19,45,37,2,2
2026-09-20,43,36,2,2
2026-09-21,29,27,0,0
2026-09-22,42,36,1,1
2026-09-23,36,31,0,0
2026-09-24,25,25,3,2
2026-09-25,33,31,0,0
2026-09-26,43,35,0,0
2026-09-27,44,35,3,2
2026-09-28,40,34,1,1
2026-09-29,30,28,0,0
2026-09-30,40,34,0,0
2026-10-01,39,33,0,0
2026-10-02,28,26,0,0
2026-10-03,56,42,1,1
2026-10-04,31,26,1,1
